Título do Anúncio,Valor,Endereço,Complemento,URL do Anúncio
iPhone 11,R$ 1.500,Goiânia, Conjunto Vera Cruz,https://go.olx.com.br/grande-goiania-e-anapolis/celulares/iphone-11-1222984703
IPhone 11,R$ 1.500,Goiânia, Setor Oeste,https://go.olx.com.br/grande-goiania-e-anapolis/celulares/iphone-11-1223188907
iPhone 11,R$ 1.500,Goiânia, Setor Santos Dumont,https://go.olx.com.br/grande-goiania-e-anapolis/celulares/iphone-11-1232848711
iPhone 11,R$ 1.500,Goiânia, Setor Sul,https://go.olx.com.br/grande-goiania-e-anapolis/celulares/iphone-11-1230778880
Iphone 11,R$ 1.500,Goiânia,https://go.olx.com.br/grande-goiania-e-anapolis/celulares/iphone-11-1229545353
iPhone 11 64gb,R$ 1.500,Goiânia,https://go.olx.com.br/grande-goiania-e-anapolis/eletroportateis/iphone-11-64gb-1233753327
IPhone 11 Pro,R$ 1.500,Goiânia, Setor Morada do Sol,https://go.olx.com.br/grande-goiania-e-anapolis/celulares/iphone-11-pro-1223875492
iPhone 11,R$ 1.500,Goiânia, Conjunto Vera Cruz,https://go.olx.com.br/grande-goiania-e-anapolis/celulares/iphone-11-1222984703
IPhone 11,R$ 1.500,Goiânia, Setor Oeste,https://go.olx.com.br/grande-goiania-e-anapolis/celulares/iphone-11-1223188907
iPhone 11,R$ 1.500,Goiânia, Setor Santos Dumont,https://go.olx.com.br/grande-goiania-e-anapolis/celulares/iphone-11-1232848711
iPhone 11,R$ 1.500,Goiânia, Setor Sul,https://go.olx.com.br/grande-goiania-e-anapolis/celulares/iphone-11-1230778880
Iphone 11,R$ 1.500,Goiânia,https://go.olx.com.br/grande-goiania-e-anapolis/celulares/iphone-11-1229545353
iPhone 11 64gb,R$ 1.500,Goiânia,https://go.olx.com.br/grande-goiania-e-anapolis/eletroportateis/iphone-11-64gb-1233753327
IPhone 11 Pro,R$ 1.500,Goiânia, Setor Morada do Sol,https://go.olx.com.br/grande-goiania-e-anapolis/celulares/iphone-11-pro-1223875492
iPhone 11,R$ 1.500,Goiânia, Conjunto Vera Cruz,https://go.olx.com.br/grande-goiania-e-anapolis/celulares/iphone-11-1222984703
IPhone 11,R$ 1.500,Goiânia, Setor Oeste,https://go.olx.com.br/grande-goiania-e-anapolis/celulares/iphone-11-1223188907
iPhone 11,R$ 1.500,Goiânia, Setor Santos Dumont,https://go.olx.com.br/grande-goiania-e-anapolis/celulares/iphone-11-1232848711
iPhone 11,R$ 1.500,Goiânia, Setor Sul,https://go.olx.com.br/grande-goiania-e-anapolis/celulares/iphone-11-1230778880
Iphone 11,R$ 1.500,Goiânia,https://go.olx.com.br/grande-goiania-e-anapolis/celulares/iphone-11-1229545353
iPhone 11 64gb,R$ 1.500,Goiânia,https://go.olx.com.br/grande-goiania-e-anapolis/eletroportateis/iphone-11-64gb-1233753327
IPhone 11 Pro,R$ 1.500,Goiânia, Setor Morada do Sol,https://go.olx.com.br/grande-goiania-e-anapolis/celulares/iphone-11-pro-1223875492
